dominant_value,segment_count,aligned_theme_conversion,baseline_conversion
convenience,7,0.02363893771018,0.02085903232159
quality,8,0.02553751638287,0.02146392313692
family,15,0.02510711616822,0.02203434966643
eco_conscious,10,0.02446726244583,0.02179796022695
